INSERT INTO categoria (id, nombre, precio_base) VALUES (1, 'Terror', 2.50);
INSERT INTO categoria (id, nombre, precio_base) VALUES (2, 'Romantasy', 2.00);
INSERT INTO categoria (id, nombre, precio_base) VALUES (3, 'Ciencia Ficcion', 3.00);
INSERT INTO categoria (id, nombre, precio_base) VALUES (4, 'Histórico', 2.20);
INSERT INTO categoria (id, nombre, precio_base) VALUES (5, 'Drama', 2.50);

INSERT INTO libro (id, titulo, autor, anio_publicacion, estado, categoria_id) VALUES (1, 'El Resplandor', 'Stephen King', 1977, 'DISPONIBLE', 1);
INSERT INTO libro (id, titulo, autor, anio_publicacion, estado, categoria_id) VALUES (2, 'It', 'Stephen King', 1986, 'DISPONIBLE', 1);
INSERT INTO libro (id, titulo, autor, anio_publicacion, estado, categoria_id) VALUES (3, 'Cementerio de animales', 'Stephen King', 1983, 'ALQUILADO', 1);
INSERT INTO libro (id, titulo, autor, anio_publicacion, estado, categoria_id) VALUES (4, 'El visitante', 'Stephen King', 2018, 'DISPONIBLE', 1);
INSERT INTO libro (id, titulo, autor, anio_publicacion, estado, categoria_id) VALUES (5, 'La llamada de Cthulhu', 'H.P. Lovecraft', 1928, 'DISPONIBLE', 1);
INSERT INTO libro (id, titulo, autor, anio_publicacion, estado, categoria_id) VALUES (6, 'Trono de Cristal', 'Sarah J. Maas', 2012, 'DISPONIBLE', 2);
INSERT INTO libro (id, titulo, autor, anio_publicacion, estado, categoria_id) VALUES (7, 'Una corte de rosas y espinas', 'Sarah J. Maas', 2015, 'DISPONIBLE', 2);
INSERT INTO libro (id, titulo, autor, anio_publicacion, estado, categoria_id) VALUES (8, 'Hijas de la luna', 'Jennifer L. Armentrout', 2018, 'DISPONIBLE', 2);
INSERT INTO libro (id, titulo, autor, anio_publicacion, estado, categoria_id) VALUES (9, 'La canción de Aquiles', 'Madeline Miller', 2011, 'ALQUILADO', 2);
INSERT INTO libro (id, titulo, autor, anio_publicacion, estado, categoria_id) VALUES (10, 'El príncipe cruel', 'Holly Black', 2018, 'DISPONIBLE', 2);
INSERT INTO libro (id, titulo, autor, anio_publicacion, estado, categoria_id) VALUES (11, 'Dune', 'Frank Herbert', 1965, 'DISPONIBLE', 3);
INSERT INTO libro (id, titulo, autor, anio_publicacion, estado, categoria_id) VALUES (12, 'Neuromante', 'William Gibson', 1984, 'DISPONIBLE', 3);
INSERT INTO libro (id, titulo, autor, anio_publicacion, estado, categoria_id) VALUES (13, 'Fundación', 'Isaac Asimov', 1951, 'DISPONIBLE', 3);
INSERT INTO libro (id, titulo, autor, anio_publicacion, estado, categoria_id) VALUES (14, 'El fin de la eternidad', 'Isaac Asimov', 1955, 'DISPONIBLE', 3);
INSERT INTO libro (id, titulo, autor, anio_publicacion, estado, categoria_id) VALUES (15, 'Ready Player One', 'Ernest Cline', 2011, 'DISPONIBLE', 3);
INSERT INTO libro (id, titulo, autor, anio_publicacion, estado, categoria_id) VALUES (16, 'Los Pilares de la Tierra', 'Ken Follett', 1989, 'DISPONIBLE', 4);
INSERT INTO libro (id, titulo, autor, anio_publicacion, estado, categoria_id) VALUES (17, 'La Catedral del Mar', 'Ildefonso Falcones', 2006, 'DISPONIBLE', 4);
INSERT INTO libro (id, titulo, autor, anio_publicacion, estado, categoria_id) VALUES (18, 'La Sombra del Viento', 'Carlos Ruiz Zafón', 2001, 'DISPONIBLE', 4);
INSERT INTO libro (id, titulo, autor, anio_publicacion, estado, categoria_id) VALUES (19, 'El nombre de la rosa', 'Umberto Eco', 1980, 'DISPONIBLE', 4);
INSERT INTO libro (id, titulo, autor, anio_publicacion, estado, categoria_id) VALUES (20, 'Yo, Claudio', 'Robert Graves', 1934, 'ALQUILADO', 4);
INSERT INTO libro (id, titulo, autor, anio_publicacion, estado, categoria_id) VALUES (21, 'Matar a un ruiseñor', 'Harper Lee', 1960, 'DISPONIBLE', 5);
INSERT INTO libro (id, titulo, autor, anio_publicacion, estado, categoria_id) VALUES (22, 'La vida es sueño', 'Calderón de la Barca', 1635, 'DISPONIBLE', 5);
INSERT INTO libro (id, titulo, autor, anio_publicacion, estado, categoria_id) VALUES (23, 'Rebelión en la granja', 'George Orwell', 1945, 'DISPONIBLE', 5);
INSERT INTO libro (id, titulo, autor, anio_publicacion, estado, categoria_id) VALUES (24, 'Cumbres borrascosas', 'Emily Brontë', 1847, 'DISPONIBLE', 5);
INSERT INTO libro (id, titulo, autor, anio_publicacion, estado, categoria_id) VALUES (25, 'Crimen y castigo', 'Fiódor Dostoyevski', 1866, 'ALQUILADO', 5);



INSERT INTO lector (id, nombre, email, telefono) VALUES (1, 'Laura Fernández', 'laura.fernandez@example.com', '612345678');
INSERT INTO lector (id, nombre, email, telefono) VALUES (2, 'Carlos Gómez', 'carlos.gomez@example.com', '623456789');
INSERT INTO lector (id, nombre, email, telefono) VALUES (3, 'Marta Ruiz', 'marta.ruiz@example.com', '634567890');
INSERT INTO lector (id, nombre, email, telefono) VALUES (4, 'Javier López', 'javier.lopez@example.com', '645678901');
INSERT INTO lector (id, nombre, email, telefono) VALUES (5, 'Sofía Martínez', 'sofia.martinez@example.com', '656789012');
INSERT INTO lector (id, nombre, email, telefono) VALUES (6, 'Andrés Ramírez', 'andres.ramirez@example.com', '667890123');
INSERT INTO lector (id, nombre, email, telefono) VALUES (7, 'Elena Torres', 'elena.torres@example.com', '678901234');
INSERT INTO lector (id, nombre, email, telefono) VALUES (8, 'Miguel Sánchez', 'miguel.sanchez@example.com', '689012345');
INSERT INTO lector (id, nombre, email, telefono) VALUES (9, 'Patricia Blanco', 'patricia.blanco@example.com', '690123456');
INSERT INTO lector (id, nombre, email, telefono) VALUES (10, 'Daniel Castro', 'daniel.castro@example.com', '601234567');
